RMSE,MAPE,Mean Error
1098.0288960492062,inf,-336.78237670126117
