Actual,Predicted,Error,Abs_Error
13408,13408.002,-0.001953125,0.001953125
2870,2870.0032,-0.003173828125,0.003173828125
5037,5036.995,0.0048828125,0.0048828125
6482,6482.005,-0.0048828125,0.0048828125
6651,6650.994,0.005859375,0.005859375
5103,5103.006,-0.005859375,0.005859375
16980,16979.994,0.005859375,0.005859375
7267,7266.9937,0.00634765625,0.00634765625
6381,6380.992,0.0078125,0.0078125
5411,5410.9907,0.00927734375,0.00927734375
